record,type,0_pre-RR,0_post-RR,0_pPeak,0_tPeak,0_rPeak,0_sPeak,0_qPeak,0_qrs_interval,0_pq_interval,0_qt_interval,0_st_interval
I01,N,163,165,0.069610222,-0.083280601,0.614133158,-0.392761319,0.047159284,15,2,27,10
I01,N,165,166,-0.097030038,0.597254429,-0.078703617,-0.078703617,-0.137781281,3,5,14,6
I01,N,166,102,0.109399148,0.68052794,-0.010648647,-0.010648647,-0.720620469,6,25,35,4
I01,VEB,102,231,0.176376471,0.256431069,-0.101097641,-0.707524945,-0.101097641,4,3,14,7
I01,N,231,165,0.585576857,0.607461311,-0.083498942,-0.083498942,-0.167857941,3,34,43,6
I01,N,165,163,0.019637004,-0.111670933,0.613373728,-0.416937006,-0.108554143,21,9,37,7
I01,N,163,166,-0.156761156,0.528148248,-0.145136805,-0.145136805,-0.183749186,2,5,14,7
I01,N,166,161,-0.003887209,0.216948514,1.12025791,0.164411028,-0.725340355,33,17,52,2
I01,N,161,160,-0.006721003,0.164998351,0.601190397,-0.307812288,-0.035102716,15,4,27,8
I01,N,160,158,-0.187870121,0.544414041,-0.018563902,-0.018563902,-0.194882578,5,2,12,5
I02,N,181,183,0.109340505,0.110391154,0.823517265,-0.190571702,0.097526784,15,3,24,6
I02,N,183,112,-0.096218114,0.625899893,-0.041429884,-0.041429884,-0.111170917,3,3,12,6
I02,VEB,112,99,0.287434029,0.324884584,-0.274365171,-0.614812985,-0.274365171,3,5,15,7
I02,N,99,160,-0.203768341,-0.110657561,0.481240416,-0.35244801,-0.228769478,15,4,26,7
I02,N,160,185,-0.052486911,0.761806548,-0.056848547,-0.056848547,-0.075615653,1,4,12,7
I02,N,185,188,-0.055815463,0.609367751,-0.040818715,-0.040818715,-0.090736919,2,4,12,6
I02,N,188,186,-0.035141687,-0.044557217,0.588436018,-0.318558396,-0.078012001,15,5,27,7
I02,N,186,113,-0.032242427,0.685090047,-0.047545256,-0.047545256,-0.062615309,1,4,12,7
I02,VEB,113,97,0.254891416,0.300920635,-0.210446132,-0.568593028,-0.210446132,3,4,14,7
I02,N,97,169,-0.253169032,0.44364017,-0.153458322,-0.153458322,-0.268345572,3,3,11,5
I03,N,172,172,0.166720209,0.353410398,0.437921013,0.31309673,0.165423189,15,1,20,4
I03,N,172,175,-0.001165917,0.121710964,0.224227971,0.100643974,-0.017173942,13,5,22,4
I03,N,175,179,0.040195272,0.15105131,0.267320311,0.130109844,0.015433885,13,5,22,4
I03,N,179,180,0.034387339,0.142872627,0.2659846,0.120737554,0.012921065,13,5,22,4
I03,N,180,181,0.039265031,0.146902408,0.294086667,0.121185407,0.020045903,14,5,22,3
I03,N,181,184,0.033102792,0.144953465,0.261750719,0.121463617,0.02194308,13,6,23,4
I03,N,184,187,0.043155442,0.155242609,0.260269628,0.135879141,0.024508827,13,5,21,3
I03,N,187,185,0.028646409,0.149124652,0.267944919,0.124262351,0.012237938,14,4,21,3
I03,N,185,181,0.036210558,0.138706578,0.287565156,0.111436951,0.026271634,14,2,20,4
I03,N,181,179,0.029030896,0.146974172,0.262797198,0.125126393,0.021005684,13,4,21,4
I04,N,198,206,0.916184571,1.067083202,1.316059565,1.054517541,0.910585534,15,2,19,2
I04,N,206,218,-0.104216611,0.221658349,-0.063403451,-0.063403451,-0.131077175,3,4,12,5
I04,N,218,223,-0.003018769,0.063170482,0.295264912,0.049023615,-0.036711784,14,5,22,3
I04,N,223,225,-0.010656249,0.048202343,0.328274084,0.027924692,-0.03812493,15,8,26,3
I04,N,225,233,0.000380415,0.077531263,0.309818158,0.056126822,-0.043778545,13,7,24,4
I04,N,233,237,-0.011131274,0.079515254,0.27444011,0.066011756,-0.045770013,15,7,24,2
I04,N,237,224,-0.014873809,0.043888049,0.325130593,0.02633088,-0.045438848,14,5,22,3
I04,N,224,224,-0.00633201,0.051866503,0.319371821,0.030414481,-0.02746214,15,6,24,3
I04,N,224,232,0.003144395,0.076368508,0.291792319,0.064873063,-0.034734131,14,9,25,2
I04,N,232,228,-0.00963341,0.079745831,0.273750887,0.067492396,-0.048147617,14,5,22,3
I05,N,258,266,0.000636331,0.178287015,-0.103096781,-0.103096781,-0.108372561,1,7,14,6
I05,N,266,261,-0.021638463,0.188226363,-0.125313564,-0.125313564,-0.135333396,1,9,16,6
I05,N,261,269,-0.003806968,0.18557104,-0.101053885,-0.101053885,-0.101053885,0,8,14,6
I05,N,269,277,-0.028943429,0.154494329,-0.137762964,-0.137762964,-0.137762964,0,8,14,6
I05,N,277,273,-0.02706476,0.209728142,-0.098804279,-0.098804279,-0.118334975,1,10,17,6
I05,N,273,277,-0.048020236,0.143724424,-0.14038934,-0.14038934,-0.149578353,1,7,14,6
I05,N,277,279,-0.035301644,0.154529702,-0.140013458,-0.140013458,-0.140013458,0,8,14,6
I05,N,279,275,-0.027799101,0.213414907,-0.108909778,-0.108909778,-0.120870319,1,7,14,6
I05,N,275,280,-0.037859728,0.163961816,-0.131240418,-0.131240418,-0.139464251,1,7,14,6
I05,N,280,279,-0.029070595,0.168937961,-0.123971652,-0.123971652,-0.136060788,1,7,14,6
I06,N,185,191,-0.1347607,-0.221336541,0.920192241,-1.040628497,-0.180004367,16,5,28,7
I06,N,191,195,0.02353203,-0.270257929,1.080092771,-0.905786999,-0.132299607,24,10,41,7
I06,N,195,192,-0.071116101,-0.237570749,1.068926258,-0.868370623,-0.131439828,22,5,35,8
I06,N,192,173,0.060422465,-0.20494127,0.934462284,-0.850134335,-0.107797415,26,10,43,7
I06,N,173,144,-0.098892815,-0.197005587,0.861295762,-0.837395854,-0.112933293,18,5,29,6
I06,SVEB,144,218,-0.03869258,-0.294579925,0.963418333,-0.781048166,-0.039345632,17,1,24,6
I06,N,218,194,0.045966737,-0.298606589,1.130423091,-0.806072118,-0.103102306,23,13,42,6
I06,N,194,190,-0.129123166,-0.303676631,1.042928324,-0.80356601,-0.163531883,19,6,32,7
I06,N,190,193,-0.075372185,-0.236892933,1.008495479,-0.844735595,-0.083557144,17,3,27,7
I06,N,193,180,0.023480526,-0.225208546,0.842375328,-0.767879105,-0.135122603,24,12,43,7
I07,N,196,188,1.204629182,0.962645149,1.921960038,0.474315376,1.201781553,16,3,26,7
I07,N,188,197,-0.12798525,-0.168330465,0.613661904,-0.72658033,-0.247540606,26,8,41,7
I07,N,197,188,0.023327423,-0.104371556,0.769355865,-0.69882402,-0.088519334,25,10,42,7
I07,N,188,198,-0.079603061,-0.084195215,0.702989656,-0.624269051,-0.079695043,18,1,25,6
I07,N,198,190,0.040160246,-0.093173618,0.722777439,-0.646718211,-0.08244888,25,10,42,7
I07,N,190,197,0.027523833,-0.091476717,0.715839422,-0.657015096,-0.10758846,26,9,42,7
I07,N,197,190,-0.075967515,-0.087673571,0.704061425,-0.674466657,-0.076788667,18,2,27,7
I07,N,190,196,0.015753288,-0.085689338,0.714334307,-0.628626845,-0.108341227,26,9,41,6
I07,N,196,186,0.045426554,-0.085248465,0.70468917,-0.663299341,-0.088621277,24,11,42,7
I07,N,186,200,0.020358599,-0.103789247,0.779858378,-0.708515961,-0.101740841,26,9,42,7
I08,N,246,248,0.118939904,-0.142136665,0.934113428,-0.59255276,-0.097037562,25,17,49,7
I08,N,248,252,0.138863809,-0.195440953,0.94095917,-0.600244495,-0.099234648,26,17,50,7
I08,N,252,258,0.151519867,-0.192410345,0.898323449,-0.589142495,-0.106258066,26,16,48,6
I08,N,258,260,0.143628922,-0.186776882,0.863963294,-0.563981669,-0.100441422,26,17,49,6
I08,N,260,260,0.126994134,-0.153689711,0.806510493,-0.54303734,-0.120905846,28,13,47,6
I08,N,260,260,0.138255891,-0.147669291,0.792303981,-0.524562832,-0.104718323,25,15,46,6
I08,N,260,259,0.151616275,-0.139959911,0.717107643,-0.496993306,-0.089165122,24,17,47,6
I08,N,259,251,0.146667681,-0.194049194,0.903515016,-0.59855101,-0.095556236,26,17,49,6
I08,N,251,254,0.145048565,-0.14479545,0.795068182,-0.569961053,-0.099929723,27,14,48,7
I08,N,254,257,0.143555938,-0.146146762,0.773791857,-0.556251813,-0.098916024,26,15,48,7
I09,N,192,182,0.217467882,0.222998253,0.357931791,-0.164523332,0.087808693,12,20,38,6
I09,N,182,179,0.027331788,0.220255328,-0.035523625,-0.035523625,-0.05882732,1,8,13,4
I09,N,179,178,0.024794873,0.221480286,-0.009155661,-0.009155661,-0.046874264,2,5,11,4
I09,N,178,177,0.035465611,0.20986145,-0.043546552,-0.043546552,-0.061784419,1,6,11,4
I09,N,177,176,0.030418233,0.202673095,-0.080296407,-0.080296407,-0.080296407,0,11,16,5
I09,N,176,173,0.036034631,0.287220942,-0.024045533,-0.024045533,-0.033148758,1,8,14,5
I09,N,173,171,0.040822143,0.41571563,-0.047323688,-0.047323688,-0.050513446,1,5,11,5
I09,N,171,166,0.041415895,0.299815031,-0.060093738,-0.060093738,-0.07534065,1,7,13,5
I09,N,166,163,0.032614849,0.244911959,-0.052565298,-0.052565298,-0.071313013,1,6,12,5
I09,N,163,163,0.05331651,0.19718847,-0.060651728,-0.060651728,-0.074940034,1,7,13,5
I10,N,125,127,-0.308621298,0.277717374,-0.353427249,-0.353427249,-0.365885277,1,7,14,6
I10,N,127,126,0.09860263,0.482259626,-0.013651732,-0.013651732,-0.013651732,0,8,14,6
I10,N,126,128,0.004475351,0.633313976,-0.090398316,-0.090398316,-0.099283773,1,12,19,6
I10,N,128,127,0.010254744,0.649744693,-0.073345918,-0.073345918,-0.086495713,1,14,21,6
I10,N,127,125,0.082407979,-0.003598728,0.653539239,-0.313732698,0.0181948,12,5,24,7
I10,N,125,126,0.063946392,0.459231078,-0.104001106,-0.104001106,-0.121634393,1,7,13,5
I10,N,126,127,0.033619711,0.453090601,-0.065419963,-0.065419963,-0.065419963,0,6,11,5
I10,N,127,130,0.007026322,0.697004308,-0.056267731,-0.056267731,-0.069515437,1,7,14,6
I10,N,130,121,-0.012820603,0.101433497,0.530665598,-0.36822964,-0.071142927,13,5,34,16
I10,N,121,124,0.067958409,0.428746883,-0.073660031,-0.073660031,-0.074064696,1,10,16,5
I11,N,193,224,0.006596878,-0.003393668,0.722730679,-0.356732807,-0.047051412,14,6,25,5
I11,N,224,222,0.049025874,0.027057142,0.743202289,-0.343859345,-0.009345864,14,6,26,6
I11,N,222,210,0.048984066,0.02705316,0.810042432,-0.401913735,0.007264272,14,5,25,6
I11,N,210,199,0.05241663,0.00809346,0.808807596,-0.353562137,-0.002399478,14,6,26,6
I11,N,199,199,0.054105063,0.018799177,0.744141314,-0.32697833,-0.001485001,13,6,25,6
I11,N,199,199,0.058760461,0.016535431,0.775420075,-0.351510122,0.003461305,14,7,27,6
I11,N,199,200,0.050617295,0.010062896,0.833977386,-0.392230254,0.007791436,14,5,25,6
I11,N,200,196,0.056542075,0.022488537,0.766712663,-0.327670338,0.002463899,13,6,25,6
I11,N,196,195,0.056867086,0.025199279,0.741594442,-0.333986134,0.002006048,13,6,25,6
I11,N,195,185,0.055372289,0.000263784,0.853291773,-0.378308955,0.00078917,14,9,28,5
I12,N,181,180,0.133436623,-0.486542726,1.548226039,-0.754732861,-0.283362614,33,11,50,6
I12,N,180,175,-0.066138198,-0.338908753,1.564859709,-0.693211439,-0.095601421,18,3,31,10
I12,N,175,178,-0.066267356,-0.436194338,1.575460936,-0.694214974,-0.077133382,17,3,26,6
I12,N,178,179,-0.072495708,-0.428129082,1.696924609,-0.710739998,-0.135186716,18,8,32,6
I12,N,179,181,-0.07180851,-0.46893788,1.671296778,-0.716868538,-0.089967749,18,2,25,5
I12,N,181,175,-0.025128395,-0.402761418,1.54010487,-0.672612456,-0.043990596,17,3,26,6
I12,N,175,181,-0.072697646,-0.419676401,1.561631611,-0.680683649,-0.135298709,18,5,29,6
I12,N,181,185,-0.037810275,-0.268834265,1.692288891,-0.722665589,-0.097092659,18,3,39,18
I12,N,185,187,-0.065737592,-0.412053703,1.655715436,-0.71825623,-0.068941272,18,1,24,5
I12,N,187,181,0.195492418,-0.428266779,1.650136018,-0.713364499,-0.150642442,33,8,46,5
I13,VEB,129,164,0.222579502,1.722634808,1.603647985,1.603647985,-0.303020002,35,21,58,2
I13,N,164,252,0.700619332,-0.441434222,1.508247426,-0.656419045,-0.043645669,18,71,94,5
I13,N,252,280,-0.033180625,1.476291137,1.445051028,1.445051028,-0.070255461,9,4,14,1
I13,N,280,284,-0.064626513,1.461719705,1.452790594,1.452790594,-0.099834111,9,4,14,1
I13,N,284,132,-0.070877056,1.436189997,1.418434906,1.418434906,-0.107573988,9,4,14,1
I13,VEB,132,163,0.221909099,1.659654467,1.608698494,1.608698494,-0.307746123,38,21,60,1
I13,N,163,243,0.72049667,-0.443452208,1.56645003,-0.664248787,-0.017563434,18,68,91,5
I13,N,243,277,-0.019037045,1.510796946,1.429720884,1.429720884,-0.06118687,8,4,13,1
I13,N,277,277,-0.063551507,1.483187152,1.400649162,1.400649162,-0.102992787,8,4,13,1
I13,N,277,134,-0.068735566,-0.374444838,1.440222068,-0.610825149,-0.105131535,18,4,27,5
I14,N,266,293,-0.056583611,-0.443994005,1.355601782,-0.63654522,-0.100752406,18,12,35,5
I14,N,293,291,-0.030091554,-0.383581733,1.389915031,-0.582678034,-0.063909044,18,4,27,5
I14,N,291,272,-0.03809758,-0.373591491,1.388175709,-0.572555984,-0.065461758,17,4,27,6
I14,N,272,285,-0.018181992,-0.371338423,1.422273108,-0.582913726,-0.048863193,18,4,27,5
I14,N,285,297,-0.040027048,-0.379229792,1.388924514,-0.592952777,-0.070376617,18,4,27,5
I14,N,297,300,-0.043321814,-0.383246113,1.385450374,-0.585847212,-0.069767939,17,4,26,5
I14,N,300,285,-0.046495435,-0.376845412,1.376011822,-0.590510694,-0.069871907,17,4,26,5
I14,N,285,282,-0.02737856,-0.382024773,1.406232152,-0.589926541,-0.061187514,17,4,27,6
I14,N,282,289,-0.035381501,-0.374614815,1.401775009,-0.593259308,-0.060297001,18,3,26,5
I14,N,289,276,-0.035931814,-0.376604395,1.403828774,-0.576627471,-0.06525818,18,4,27,5
I15,N,182,177,-0.299367707,-0.408934816,1.03998877,-0.829377145,-0.299817021,24,1,31,6
I15,N,177,179,-0.082493751,-0.385081279,1.47133639,-0.726829262,-0.096442311,19,3,28,6
I15,N,179,182,-0.066088586,-0.376038091,1.369737586,-0.634527917,-0.111418639,24,5,35,6
I15,N,182,182,-0.078160968,-0.366123018,1.262989454,-0.564287381,-0.08837586,24,4,34,6
I15,N,182,179,-0.069063048,-0.338510118,1.184236024,-0.54747255,-0.095371346,19,4,28,5
I15,N,179,172,-0.142488043,-0.242440533,1.061466292,-0.662384836,-0.143086854,26,1,33,6
I15,N,172,174,-0.082271771,-0.313848834,1.135307898,-0.558977829,-0.096272289,18,5,29,6
I15,N,174,169,-0.077523273,-0.270932546,1.117827248,-0.537069761,-0.089842482,18,5,28,5
I15,N,169,170,-0.104524838,-0.28376821,1.142137427,-0.533822341,-0.104894151,19,1,25,5
I15,N,170,165,-0.110461313,-0.276985186,1.120541666,-0.539207202,-0.114664062,25,3,34,6
I16,N,337,341,0.402540589,0.298218372,0.394147242,0.27257579,0.394147242,4,1,7,2
I16,N,341,340,0.37928464,0.247372565,0.354872942,0.22823831,0.354872942,4,1,7,2
I16,N,340,333,0.372783341,0.242522306,0.353542232,0.221310312,0.353542232,4,1,7,2
I16,N,333,328,0.406298587,0.300723371,0.38525774,0.277682997,0.38525774,3,1,6,2
I16,N,328,338,0.38027528,0.261686143,0.344005089,0.23780636,0.344005089,3,2,7,2
I16,N,338,341,0.368280789,0.238514021,0.3353724,0.218195913,0.3353724,3,1,6,2
I16,N,341,329,0.382382132,0.247905977,0.355353351,0.228181154,0.355353351,3,1,7,3
I16,N,329,339,0.380566978,0.286869989,0.355300292,0.256427526,0.355300292,3,1,7,3
I16,N,339,336,0.377109304,0.244151349,0.318858897,0.219163433,0.318858897,3,2,7,2
I16,N,336,338,0.386498676,0.230801238,0.327280355,0.211963005,0.327280355,3,2,7,2
I17,N,279,285,0.264468438,0.121265396,0.206401135,-0.006282342,0.206401135,4,2,10,4
I17,N,285,279,0.277452618,0.142810544,0.15036406,-0.02095621,0.15036406,3,3,10,4
I17,N,279,277,0.266899377,0.174768438,0.197779866,-0.408204833,-0.009672788,17,5,81,59
I17,N,277,283,0.286565698,0.175398546,0.178413248,-0.388678551,0.001993413,16,6,81,59
I17,N,283,284,0.279899017,0.14757405,0.172156141,0.007929563,0.172156141,3,2,9,4
I17,N,284,286,0.28990046,0.142236286,0.21476201,0.019215034,0.21476201,3,2,9,4
I17,N,286,284,0.26973004,0.178340122,0.181327371,-0.392391942,-0.014214598,17,5,81,59
I17,N,284,291,0.281089606,0.184076181,0.190295699,0.001126369,0.190295699,3,2,10,5
I17,N,291,297,0.280457458,0.151747282,0.178909633,0.002508773,0.178909633,3,2,9,4
I17,N,297,302,0.284998869,0.143962027,0.215091836,0.020231099,0.215091836,3,2,9,4
I18,N,182,134,0.025416778,-0.275579154,1.502906764,-0.618820639,-0.151066279,21,5,31,5
I18,VEB,134,261,0.049324846,0.686046458,1.344608162,0.461609573,0.036003954,24,4,33,5
I18,N,261,173,0.136959573,-0.220586616,1.262452592,-0.777349837,-0.318515124,23,16,45,6
I18,N,173,164,0.1126902,-0.181788644,1.36799584,-0.628263199,-0.328386257,15,6,26,5
I18,N,164,136,-0.023722734,1.377729241,-0.009628051,-0.009628051,-0.193453636,2,5,12,5
I18,VEB,136,212,0.079235639,0.614463925,1.654830594,0.458632873,-0.037617387,27,8,38,3
I18,N,212,164,-0.228862254,1.183724168,-0.030307529,-0.030307529,-0.237926465,4,3,12,5
I18,N,164,162,-0.019234617,-0.182944844,1.254114097,-0.621903877,-0.098719771,20,5,31,6
I18,N,162,139,-0.130719529,-0.187874656,1.368181051,-0.749805718,-0.132959631,20,2,29,7
I18,VEB,139,219,-0.046146414,0.44941609,1.779237155,0.315408133,-0.05228135,25,2,30,3
I19,VEB,132,352,0.333412963,0.257216222,0.867065289,-0.010617087,-0.11528167,52,20,77,5
I19,N,352,125,0.188045822,-0.22698068,1.029248441,-0.564893627,-0.141274558,26,18,50,6
I19,VEB,125,340,0.22982467,-0.067997543,0.7780985,-0.142815411,-0.183244068,46,19,70,5
I19,N,340,131,0.171288515,-0.223441284,0.999435446,-0.548855083,-0.156721206,27,16,49,6
I19,VEB,131,320,0.23018813,0.189768414,0.788639512,-0.070083692,-0.171723363,50,20,75,5
I19,N,320,144,0.179568634,-0.229124138,1.019905712,-0.557786593,-0.150798979,26,18,50,6
I19,VEB,144,315,0.226935226,0.385427677,0.908886692,0.054557283,-0.187209102,65,20,90,5
I19,N,315,139,0.175442269,-0.239598906,1.020783505,-0.576631994,-0.152650841,28,17,51,6
I19,VEB,139,326,0.235611485,0.265672125,0.907535274,0.015479459,-0.193009408,60,20,85,5
I19,N,326,136,0.167045726,-0.244810883,1.062384476,-0.599499497,-0.155768564,28,16,50,6
I20,N,389,236,-0.071346631,-0.329777581,1.482715089,-0.797368962,-0.083870068,16,5,27,6
I20,N,236,224,-0.056862436,-0.284380975,1.486316667,-0.753638333,-0.063038464,16,2,24,6
I20,N,224,213,-0.092062336,-0.313100784,1.591240926,-0.829299335,-0.094110895,22,2,30,6
I20,N,213,215,-0.039606436,-0.312408111,1.644362523,-0.802149127,-0.046365386,16,2,24,6
I20,N,215,145,-0.031275691,-0.289963122,1.51714914,-0.759791471,-0.040446314,16,3,25,6
I20,SVEB,145,146,0.01601602,-0.301112383,1.641340885,-0.741576337,0.010771632,16,2,24,6
I20,SVEB,146,229,-0.069354093,-0.278795539,1.556250155,-0.739626055,-0.079103225,16,2,24,6
I20,N,229,205,-0.077157756,-0.33869629,1.579540088,-0.872773736,-0.08377576,17,6,29,6
I20,N,205,222,-0.080293252,-0.327032084,1.658501306,-0.857320042,-0.084090544,16,2,24,6
I20,N,222,402,-0.064909407,-0.312385825,1.56643118,-0.788344495,-0.070028246,16,3,25,6
I21,N,211,215,-0.021050516,-0.288983651,1.647514296,-0.724382842,-0.029341087,17,2,25,6
I21,N,215,213,-0.088813619,-0.346237736,1.561436847,-0.761999596,-0.096234951,17,2,25,6
I21,N,213,209,-0.08219116,-0.338628817,1.564433878,-0.745748606,-0.090157684,17,2,25,6
I21,N,209,145,-0.070286737,-0.317114577,1.612026424,-0.765500686,-0.075482159,16,2,24,6
I21,SVEB,145,257,-0.01499645,-0.301101788,1.683070403,-0.682258494,-0.024488233,16,4,25,5
I21,N,257,226,-0.09170389,-0.350378606,1.547663831,-0.760767659,-0.10140904,16,3,25,6
I21,N,226,226,-0.088926333,-0.32178011,1.575872452,-0.774677906,-0.094383923,16,3,25,6
I21,N,226,220,-0.098431697,-0.349475405,1.554014328,-0.782263137,-0.104219792,16,3,25,6
I21,N,220,214,-0.068452124,-0.346506668,1.565249749,-0.754553955,-0.078021342,17,2,25,6
I21,N,214,215,-0.032003635,-0.317286857,1.600194465,-0.741983314,-0.046906001,16,4,26,6
I22,N,152,156,-0.106654797,-0.373364366,1.610085908,-0.954579501,-0.113392792,16,2,25,7
I22,N,156,153,-0.070195655,-0.313726334,1.574790503,-0.827899974,-0.07993351,16,3,25,6
I22,N,153,155,-0.084495359,-0.324463345,1.449781216,-0.782282627,-0.09310591,16,3,25,6
I22,N,155,156,-0.078184235,-0.314950618,1.438643374,-0.742632597,-0.083908869,16,2,25,7
I22,N,156,159,-0.061848938,-0.323645576,1.555514785,-0.846496643,-0.06713574,16,2,24,6
I22,N,159,110,-0.084936423,-0.346282675,1.511961254,-0.849900907,-0.095871593,16,3,25,6
I22,VEB,110,195,0.069969948,0.159373118,0.563404346,0.151265316,0.043054377,21,8,31,2
I22,N,195,127,-0.050947608,-0.292254821,1.423772169,-0.745382023,-0.056832396,16,3,25,6
I22,VEB,127,204,0.104778365,2.431691003,2.194506217,2.194506217,0.00051727,24,30,56,2
I22,N,204,162,-0.217683153,-0.465205273,1.41753457,-1.042184327,-0.22018176,17,1,24,6
I23,N,242,250,-0.034048411,-0.04291972,0.700553064,-0.749415416,-0.045532468,17,3,30,10
I23,N,250,247,-0.020782771,0.177152768,0.701972698,-0.692179815,-0.028268475,17,3,78,58
I23,N,247,233,0.001665765,0.020601411,0.648001992,-0.738310877,-0.054274614,18,5,41,18
I23,N,233,242,0.006376493,-0.097790781,0.70540905,-0.733774003,-0.037905259,17,8,34,9
I23,N,242,240,-0.004724566,-0.015988209,0.735691524,-0.651522573,-0.073279615,16,4,35,15
I23,N,240,232,-0.028874869,-0.042836263,0.624280799,-0.712362203,-0.030824779,18,2,31,11
I23,N,232,241,-0.030749464,0.007107519,0.697152487,-0.720002095,-0.054095805,18,5,40,17
I23,N,241,249,-0.026120373,0.166558944,0.697584989,-0.711204142,-0.034418587,17,3,78,58
I23,N,249,239,-0.041176513,-0.052058912,0.65670992,-0.722492059,-0.058969188,18,5,34,11
I23,N,239,244,-0.020851037,-0.056433075,0.661071526,-0.757692012,-0.04585395,18,5,33,10
I24,N,155,151,-0.082109934,0.237429066,0.288679797,-0.733447769,-0.122914611,14,4,28,10
I24,N,151,154,-0.097316414,0.14456113,0.279263062,-0.795457691,-0.173799627,13,6,28,9
I24,N,154,151,-0.11189675,0.142218516,0.249346073,-0.749088605,-0.169679316,14,8,31,9
I24,N,151,148,-0.113626239,0.108360642,0.243609239,-0.696685148,-0.181877089,14,5,28,9
I24,N,148,149,-0.095092849,0.152703447,0.227572647,-0.700886824,-0.154495713,14,5,29,10
I24,N,149,146,-0.094796217,0.123354392,0.241294528,-0.673275103,-0.158071181,14,5,28,9
I24,N,146,147,-0.086246665,0.173037543,0.167214314,-0.642313517,-0.179736559,13,5,28,10
I24,N,147,142,-0.096225312,0.16500411,0.139539529,-0.655246288,-0.168689485,14,6,29,9
I24,N,142,142,-0.115509077,0.16615522,0.249024727,-0.857787811,-0.130036865,14,6,30,10
I24,N,142,140,-0.10055555,0.165710892,0.289581781,-0.900073574,-0.120606781,13,3,32,16
I25,N,237,237,0.194198266,0.338838396,0.895991716,-0.062123776,0.179705178,19,3,29,7
I25,N,237,229,0.063188112,0.137322587,0.802794586,-0.26491793,0.017327395,14,5,32,13
I25,N,229,236,0.111293638,0.284996842,-0.273397404,-0.273397404,-0.298735141,1,14,20,5
I25,N,236,235,-0.118526537,0.582835556,-0.081731207,-0.081731207,-0.148517893,4,5,15,6
I25,N,235,235,-0.419846025,0.459237076,-0.044143082,-0.044143082,-0.447597733,13,4,21,4
I25,N,235,236,-0.004275535,0.029056902,0.734667238,-0.268393215,-0.00458602,21,1,28,6
I25,N,236,235,0.184129908,-0.099836954,0.663599521,-0.377988256,-0.176214732,30,10,45,5
I25,N,235,238,-0.172786929,0.550838481,-0.010722005,-0.010722005,-0.187442417,10,4,19,5
I25,N,238,239,-0.074212945,-0.058208293,0.671127042,-0.321078828,-0.082806531,20,4,30,6
I25,N,239,245,-0.128962278,-0.150083809,0.595478048,-0.37382795,-0.164445886,15,10,31,6
I26,N,343,337,-0.128039054,-0.086367236,0.624678305,-0.349447384,-0.135124769,23,4,33,6
I26,N,337,354,-0.129679565,-0.09232531,0.643122861,-0.356070967,-0.135548083,24,4,33,5
I26,N,354,359,-0.127868683,-0.095944999,0.637955145,-0.352852916,-0.133503786,24,4,33,5
I26,N,359,353,-0.128417852,-0.094879243,0.637803296,-0.347747315,-0.131825397,23,4,33,6
I26,N,353,340,-0.128501431,-0.092562146,0.634632578,-0.351106789,-0.134819499,23,4,32,5
I26,N,340,349,-0.132771704,-0.076273257,0.614145439,-0.356275599,-0.138302725,24,3,32,5
I26,N,349,354,-0.130493714,-0.092527038,0.633104847,-0.356546934,-0.135693622,23,4,33,6
I26,N,354,351,-0.128594007,-0.092996596,0.642194457,-0.349672664,-0.133591662,24,4,33,5
I26,N,351,353,-0.128959911,-0.087282896,0.625114469,-0.358952531,-0.137158259,24,4,34,6
I26,N,353,367,-0.135709512,-0.09586323,0.634545341,-0.356568227,-0.140081572,24,3,33,6
I27,N,164,108,-0.175335731,0.216509862,1.101365979,-0.756824837,-0.219143376,15,4,64,45
I27,VEB,108,223,0.216509862,1.999611191,1.665081326,1.665081326,-0.113531601,31,28,63,4
I27,N,223,163,-0.22876879,-0.032347085,1.026464434,-0.87656504,-0.266311042,15,4,37,18
I27,N,163,107,0.019179251,0.169674363,1.098447804,-0.60098516,-0.02659232,15,4,59,40
I27,VEB,107,226,0.169674363,1.935486108,1.75903875,1.75903875,-0.191462933,32,31,66,3
I27,N,226,116,-0.237804078,-0.123317192,0.908026201,-1.063856147,-0.386351184,16,12,48,20
I27,VEB,116,222,0.010172784,1.953990402,1.676980362,1.676980362,0.007327795,26,2,32,4
I27,N,222,125,-0.242144152,-0.064281928,0.871960969,-0.862168813,-0.288364085,15,5,44,24
I27,VEB,125,210,1.10254138,1.511543426,1.311795201,1.311795201,1.045990017,5,3,13,5
I27,N,210,117,-0.259908004,0.040187268,0.994053273,-0.961997015,-0.318419801,16,8,67,43
I28,N,313,301,-0.020110192,-0.129034446,1.20880623,-0.797317123,-0.05318474,15,5,28,8
I28,N,301,277,-0.009319208,0.047747969,1.247491147,-0.766337853,-0.049644083,16,5,91,70
I28,N,277,278,-0.008390565,-0.152469313,1.223146127,-0.774574747,-0.049397531,16,6,30,8
I28,N,278,290,-0.007483493,-0.124838349,1.195575584,-0.783430207,-0.047770425,16,5,29,8
I28,N,290,269,-0.018436443,-0.134247564,1.193689526,-0.782499861,-0.05471777,15,5,28,8
I28,N,269,249,-3.78e-06,-0.069211837,1.291281029,-0.743897977,-0.052617017,16,7,53,30
I28,N,249,271,0.01763872,-0.129307999,1.258547483,-0.758547556,-0.029908059,15,6,30,9
I28,N,271,282,-0.00153545,-0.125469174,1.210147684,-0.773112855,-0.04186449,15,6,29,8
I28,N,282,283,-0.013189843,-0.130017004,1.181023523,-0.772300411,-0.052848762,16,5,29,8
I28,N,283,264,-0.008620851,0.03467042,1.260665832,-0.752045038,-0.056394749,16,6,92,70
I29,N,273,119,-0.006924825,-0.066453675,0.615260054,-0.354193746,-0.027785765,16,5,26,5
I29,VEB,119,363,0.099949155,-0.470622914,0.93250001,-0.479749287,-0.157220665,25,27,54,2
I29,N,363,150,0.103119169,-0.072811213,0.539059312,-0.404390906,-0.100876937,22,15,42,5
I29,VEB,150,344,0.044534511,-0.525484201,0.919806575,-0.567533267,0.030333429,30,4,37,3
I29,N,344,241,0.16599806,-0.111861608,0.579984169,-0.378731492,-0.116856654,21,16,43,6
I29,N,241,272,0.168676745,-0.055539348,0.55505255,-0.369603624,-0.098063397,24,13,43,6
I29,N,272,130,0.152268494,-0.113528788,0.608071306,-0.373924147,-0.081442158,22,17,45,6
I29,VEB,130,350,-0.125965648,-0.430670538,0.885446554,-0.496269951,-0.135078395,26,4,34,4
I29,N,350,129,0.1155867,-0.106312508,0.630472346,-0.54893853,-0.108228798,17,19,42,6
I29,VEB,129,297,0.03212452,-0.67842834,1.496101604,-0.906189541,-0.011336213,38,4,48,6
I30,N,234,258,0.394064939,0.029247066,0.858668683,-0.327828048,0.103931298,21,18,45,6
I30,N,258,276,-0.070114306,-0.085211674,0.709149384,-0.428821449,-0.071911021,17,2,25,6
I30,N,276,259,0.146387331,-0.042938815,0.662837654,-0.454946675,-0.072415091,23,16,45,6
I30,N,259,276,0.156219263,-0.063776617,0.708698741,-0.449994295,-0.069399183,24,15,44,5
I30,N,276,135,0.153381431,-0.100342359,0.731923791,-0.450065761,-0.081371064,24,16,46,6
I30,VEB,135,344,0.102104799,-0.481585093,1.057013696,-0.513533616,-0.117302958,37,29,68,2
I30,N,344,130,0.151835648,-0.083846634,0.637098548,-0.472810543,-0.110729284,23,13,42,6
I30,VEB,130,322,-0.001054565,-0.75369228,1.632484508,-0.955658734,-0.001329665,38,1,45,6
I30,N,322,225,0.148494934,-0.094359073,0.621319717,-0.440325918,-0.117814809,23,14,43,6
I30,N,225,238,0.136612818,-0.022759616,0.606595464,-0.419175807,-0.11198632,24,14,44,6
I31,VEB,109,172,0.067197899,0.390705358,1.27525237,-0.835353943,0.055485242,30,4,84,50
I31,N,172,139,0.098937563,0.369067685,-0.050189705,-0.050189705,-0.309982014,11,14,29,4
I31,N,139,140,0.226400907,-0.109108498,0.451954397,-0.596095037,-0.262754802,23,11,40,6
I31,N,140,108,0.159783614,-0.012553936,0.51522998,-0.595797215,-0.230707414,19,19,45,7
I31,VEB,108,96,0.210302176,0.412761165,1.096302661,-0.591558018,-0.124712328,43,28,131,60
I31,VEB,96,99,0.412761165,-0.7402576,1.607976491,-1.09642903,0.36986806,32,7,56,17
I31,VEB,99,237,0.537488237,-0.126554638,0.771674527,-0.639458651,0.493924926,16,4,28,8
I31,N,237,103,0.319188392,-0.031772053,0.44975543,-0.568894296,-0.074499154,17,17,40,6
I31,VEB,103,184,0.119456574,-0.138825316,0.638505787,-0.563585985,0.111565412,27,3,40,10
I31,N,184,106,-0.109123587,0.006802754,0.417936836,-0.523095952,-0.110389064,15,3,24,6
I32,N,301,317,0.113557255,0.051472672,0.326955909,-0.445737222,-0.07762913,26,15,47,6
I32,N,317,326,0.124388082,0.057057786,0.331624103,-0.428384078,-0.066868482,26,15,47,6
I32,N,326,304,0.117652439,0.050774736,0.337696061,-0.431978058,-0.078575674,26,15,47,6
I32,N,304,313,0.127834191,0.059413676,0.331455691,-0.419160357,-0.061702853,27,14,47,6
I32,N,313,315,0.119030699,0.056027496,0.32172295,-0.442781232,-0.07890279,27,14,47,6
I32,N,315,301,0.153520999,0.051641025,0.340544006,-0.423365622,-0.036367402,25,16,47,6
I32,N,301,350,0.132849016,0.057042665,0.328831133,-0.425300724,-0.053326402,26,15,47,6
I32,N,350,329,0.105972769,0.047720188,0.312783143,-0.432205807,-0.075362647,26,14,47,7
I32,N,329,337,0.113133953,0.051883475,0.345026269,-0.427343529,-0.073233959,26,15,47,6
I32,N,337,305,0.116513427,0.052445035,0.333633946,-0.436115948,-0.069071734,26,15,48,7
I33,N,268,217,-0.149674697,-0.329185825,1.072707013,-0.584723376,-0.150884838,19,1,27,7
I33,N,217,228,-0.063482234,-0.245798021,1.095073168,-0.560967046,-0.066144591,18,2,27,7
I33,N,228,261,-0.07175689,-0.260471855,1.072708411,-0.543565833,-0.075467831,18,2,27,7
I33,N,261,304,-0.072664113,-0.28017164,1.039700863,-0.540520303,-0.072695027,19,1,27,7
I33,N,304,325,-0.080166492,-0.274452886,0.981402219,-0.523267541,-0.081341333,19,1,27,7
I33,N,325,316,0.093595855,-0.262154456,0.921254195,-0.522896548,-0.115194959,28,19,53,6
I33,N,316,320,-0.085839126,-0.274160163,0.990672136,-0.537285861,-0.088628957,19,2,27,6
I33,N,320,303,-0.087169819,-0.277516372,0.974321316,-0.53976271,-0.091911594,19,2,28,7
I33,N,303,275,-0.083560149,-0.290307657,1.059176949,-0.563934379,-0.091783111,18,3,28,7
I33,N,275,160,-0.077551443,-0.28656504,1.033944482,-0.543936172,-0.08084368,19,2,28,7
I34,N,254,260,-0.075043068,-0.319545542,1.312109234,-0.6605127,-0.101422799,18,4,30,8
I34,N,260,257,-0.067791052,-0.319946467,1.30126046,-0.709115635,-0.113193783,18,4,31,9
I34,N,257,262,-0.07824441,-0.350796476,1.304799006,-0.708339205,-0.1061991,18,4,30,8
I34,N,262,265,-0.0753676,-0.355007594,1.300155176,-0.68908698,-0.103562886,19,4,30,7
I34,N,265,257,-0.075392276,-0.329565905,1.307366066,-0.714942879,-0.111930608,18,5,30,7
I34,N,257,264,-0.085159243,-0.354951607,1.286640557,-0.699977154,-0.110377069,18,4,30,8
I34,N,264,254,-0.081372061,-0.348325265,1.287590811,-0.679863129,-0.109162676,19,4,30,7
I34,N,254,249,-0.066637817,-0.316316925,1.302648873,-0.708142549,-0.110490598,18,4,30,8
I34,N,249,252,-0.086567357,-0.348915617,1.289280023,-0.69612457,-0.10901155,18,4,30,8
I34,N,252,138,-0.071979714,-0.354037487,1.305521774,-0.692925816,-0.098201071,19,3,30,8
I35,N,231,113,0.032764951,0.325294942,2.303966939,-1.089591333,-0.175825198,24,8,86,54
I35,VEB,113,227,0.325294942,2.929561025,2.863214029,2.863214029,-0.008945958,35,18,54,1
I35,N,227,117,-0.023709432,-0.743412462,1.94844121,-1.141493702,-0.243545821,23,11,41,7
I35,VEB,117,194,0.202299535,3.01423278,2.894670431,2.894670431,-0.030415923,36,22,60,2
I35,N,194,145,0.034624846,-0.918908677,2.120014073,-1.299144011,-0.314033149,20,23,50,7
I35,VEB,145,153,0.217885328,0.440530407,2.663429401,-1.564326686,-0.049690317,25,10,89,54
I35,N,153,148,0.270131216,-0.65282433,1.968998754,-1.06534269,-0.17212468,18,28,52,6
I35,N,148,158,-0.049469077,-0.585310662,2.156848948,-0.961972942,-0.071248843,18,2,26,6
I35,N,158,168,-0.086766053,0.252798292,2.190597897,-1.021822125,-0.101545203,18,3,68,47
I35,N,168,195,0.130462357,-0.656276035,2.144090683,-1.023056223,-0.10473925,24,11,41,6
I36,N,99,99,0.39240171,-0.097930376,2.061504157,-1.09301467,-0.087093548,20,12,61,29
I36,N,99,99,0.19557247,-0.425470381,1.860839653,-1.278377662,-0.198162048,17,14,43,12
I36,N,99,98,-0.079665817,-0.573063193,2.076262784,-1.409165393,-0.08601699,16,1,24,7
I36,N,98,98,0.486778358,-0.690353678,2.260952084,-1.051604312,-0.114491298,17,21,44,6
I36,N,98,97,0.087753286,0.209692181,1.852035867,-1.151015534,-0.23329054,21,7,65,37
I36,N,97,99,0.13153568,-0.589690235,2.002684826,-0.889285674,-0.213049751,22,7,35,6
I36,N,99,97,0.34917266,0.015566576,1.991101122,-1.49277164,-0.258782403,21,16,64,27
I36,N,97,99,0.305716219,-0.354928108,2.068467581,-1.140812803,-0.165621617,17,13,45,15
I36,N,99,97,0.417876045,-0.519999229,2.02908055,-1.163464903,-0.160076972,17,10,34,7
I36,N,97,98,0.021547647,-0.42209984,2.150647648,-1.166226577,-0.083643448,15,3,34,16
I37,N,188,181,-0.087827101,-0.591591345,1.710740552,-0.796064127,-0.089322624,20,2,28,6
I37,N,181,180,-0.011363665,-0.526802194,1.850579429,-0.73089696,-0.013385221,19,2,27,6
I37,N,180,142,-0.034558448,-0.573696598,1.946808303,-0.779352969,-0.035194638,20,1,26,5
I37,VEB,142,246,0.295201721,2.29881196,2.118091302,2.118091302,-0.226599205,60,19,81,2
I37,N,246,196,-0.214481685,0.312847434,1.816748443,-0.90250604,-0.215542158,19,1,77,57
I37,N,196,197,-0.033018302,-0.526228952,1.766195175,-0.728061524,-0.033259332,19,2,27,6
I37,N,197,204,-0.022738777,-0.543918371,1.853759268,-0.74513891,-0.027416137,19,2,27,6
I37,N,204,149,-0.034561052,-0.600376117,1.977938949,-0.800591842,-0.03819146,19,2,27,6
I37,VEB,149,297,0.290967385,2.241567234,2.060768271,2.060768271,-0.23125609,67,19,88,2
I37,N,297,106,-0.101832626,0.308159871,1.867818301,-0.798682534,-0.106251251,19,2,78,57
I38,VEB,132,203,-0.23065183,-0.584398725,-1.865538642,-2.845269349,-1.865538642,4,5,21,12
I38,N,203,132,0.157936585,0.199903402,1.077727962,-0.941918876,0.15548074,16,2,32,14
I38,VEB,132,170,-0.154254305,-1.266710586,1.399401119,-1.577090969,-0.205796976,48,13,66,5
I38,N,170,100,-0.195769485,-0.073390124,0.767008503,-1.231973531,-0.220630824,16,4,38,18
I38,VEB,100,198,-0.156194869,0.353673582,0.3722389,-1.823487187,-0.178724428,19,5,35,11
I38,N,198,149,0.241643157,0.107523183,0.860662195,-0.971632998,-0.073787666,26,16,55,13
I38,N,149,147,-0.176791161,0.077643214,0.733288342,-0.979384611,-0.287109414,15,6,34,13
I38,N,147,149,-0.094317119,0.025342993,0.890521115,-0.869606698,-0.278335426,14,6,31,11
I38,N,149,108,-0.267237615,0.142570593,0.796455897,-0.961523126,-0.275288817,15,2,39,22
I38,VEB,108,188,-0.00343331,0.236153831,0.563409903,-1.56251243,-0.040491246,16,3,30,11
I39,N,198,203,-0.389014096,-0.146781137,0.546656734,-1.288139575,-0.396319633,19,2,35,14
I39,N,203,214,-0.01897935,0.095260902,0.949415457,-0.92592121,-0.020961554,16,1,40,23
I39,N,214,224,-0.048308463,0.099997594,0.996716806,-0.949318116,-0.056306267,22,2,38,14
I39,N,224,224,-0.066719553,0.129133052,0.82017122,-0.872016234,-0.09937685,23,5,40,12
I39,N,224,223,-0.031640956,0.077026566,0.797520939,-0.87129298,-0.063309313,27,4,51,20
I39,N,223,221,0.126314443,0.085547947,0.873146189,-0.897534927,-0.119381532,33,16,72,23
I39,N,221,223,0.006234541,0.02031848,0.866340871,-0.908821684,-0.047143314,21,5,40,14
I39,N,223,227,-0.049449232,0.007621994,0.827695576,-1.004279129,-0.066216255,16,3,32,13
I39,N,227,229,-0.039880765,0.07095025,0.87493728,-0.984775677,-0.069208746,18,4,35,13
I39,N,229,227,0.000333608,0.022446677,0.855648456,-0.90863291,-0.068153749,18,6,35,11
I40,N,191,193,0.080275509,0.204066848,0.376738252,-0.358038543,0.077885249,13,1,21,7
I40,N,193,193,-0.001141308,0.108519767,0.353974882,-0.46449895,-0.051364313,12,4,23,7
I40,N,193,192,0.005841654,0.05041508,0.420203866,-0.598246776,-0.032591307,13,8,27,6
I40,N,192,195,0.02064548,0.102919577,0.418099295,-0.517710212,0.015400377,13,1,21,7
I40,N,195,194,0.008778221,0.095471007,0.37213742,-0.54588381,-0.016126218,12,4,23,7
I40,N,194,191,-0.009375679,0.112867082,0.347759505,-0.496625844,-0.019565211,17,4,28,7
I40,N,191,191,-0.020968074,0.023075126,0.398668761,-0.62931234,-0.042365607,13,3,23,7
I40,N,191,192,0.010823779,0.10449313,0.417817605,-0.550489581,-0.015721898,13,4,24,7
I40,N,192,191,-0.002742043,0.087777093,0.370019399,-0.504507801,-0.030437489,13,3,23,7
I40,N,191,193,-0.004216058,0.113654144,0.294171825,-0.420733402,-0.035551494,12,4,23,7
I41,N,276,292,0.027611897,0.111838996,0.172245649,-0.433382198,0.020013299,12,2,21,7
I41,N,292,250,0.032546823,0.114655099,0.116010482,-0.42651124,0.025089605,12,2,21,7
I41,N,250,308,0.015277268,0.112472426,0.17253611,-0.459957556,0.002099505,12,3,22,7
I41,N,308,310,0.033212952,0.096494448,0.13434935,-0.452957976,0.030161075,12,1,20,7
I41,N,310,316,0.02565186,0.112680581,0.093893487,-0.422582368,0.01051168,11,3,22,8
I41,N,316,301,0.006812002,0.10013046,0.204680456,-0.458464383,-0.004048545,12,3,23,8
I41,N,301,336,0.037670253,0.106577091,0.123047125,-0.438647843,0.030051673,12,2,21,7
I41,N,336,318,0.015938426,0.096319134,0.119166327,-0.455883871,0.008024507,12,2,21,7
I41,N,318,271,0.009856021,0.083466599,0.186163074,-0.45196081,-0.003824038,12,3,22,7
I41,N,271,322,0.03286932,0.105842656,0.120270547,-0.422239139,0.024061961,12,2,21,7
I42,VEB,118,259,0.538087027,0.984029889,2.561429402,-2.20985125,-0.038440371,49,20,129,60
I42,N,259,120,0.016410814,-0.265233631,1.14179875,-0.797156763,-0.198794437,19,17,43,7
I42,VEB,120,262,0.370915039,0.98042904,2.489832366,-2.412684033,-0.328197942,50,23,133,60
I42,N,262,119,0.029169407,-0.257798751,1.084961961,-0.79683818,-0.19546647,20,17,43,6
I42,VEB,119,259,0.340368585,0.955392217,2.482290816,-2.414405768,-0.313426435,47,24,132,61
I42,N,259,120,0.028631752,-0.270091344,1.13284151,-0.797577626,-0.196452297,20,17,43,6
I42,VEB,120,263,0.348354312,0.999575939,2.494563185,-2.429622201,-0.330933477,49,22,132,61
I42,N,263,119,0.039757671,-0.254389706,1.12097217,-0.796650631,-0.183217498,20,17,43,6
I42,VEB,119,263,0.34113518,1.007356764,2.483365382,-2.46530251,-0.328674493,48,23,132,61
I42,N,263,117,0.036999424,-0.236878872,1.077452308,-0.79395487,-0.18820132,16,20,43,7
I43,VEB,117,301,1.340682358,0.588880432,2.468421685,-2.324451616,0.191027648,35,33,131,63
I43,N,301,118,-0.073332492,-0.200750136,1.174827544,-0.695432741,-0.074372936,16,2,24,6
I43,VEB,118,300,0.338327917,0.955027561,2.33320712,-2.216675738,-0.322770656,41,24,128,63
I43,N,300,118,0.147483812,-0.206455649,1.172151182,-0.706511138,-0.109246288,21,16,43,6
I43,VEB,118,294,0.34201577,0.912387499,2.304637942,-2.300342889,-0.342935426,42,25,129,62
I43,N,294,117,-0.135654695,-0.220021946,1.120027609,-0.71000244,-0.139338575,16,2,24,6
I43,VEB,117,278,0.34955003,0.855180336,2.349661108,-2.205251543,-0.284520021,41,23,127,63
I43,N,278,119,0.100465224,-0.258705379,1.109076814,-0.779149863,-0.201140425,21,16,43,6
I43,VEB,119,269,0.374714719,-0.731038277,2.322769441,-2.182834486,-0.325015586,44,23,96,29
I43,N,269,119,0.068216552,-0.267035452,1.052743062,-0.774696095,-0.230933324,21,15,43,7
I44,N,238,183,0.058091843,-0.466648786,1.952138498,-1.142325685,-0.169397217,23,14,43,6
I44,N,183,127,0.145971108,-0.485725617,1.882090025,-1.148250064,-0.155797868,20,19,45,6
I44,VEB,127,243,0.067341048,2.868904305,2.599851523,2.599851523,0.040892704,20,8,30,2
I44,N,243,186,-0.033594703,-0.561077143,1.9379719,-1.251387022,-0.270220038,23,15,44,6
I44,N,186,123,0.169891685,-0.486775587,1.937156182,-1.110762988,-0.136351373,23,16,45,6
I44,VEB,123,246,0.217792957,3.042195433,2.68362911,2.68362911,0.024077307,31,25,58,2
I44,N,246,182,-0.007936155,-0.494592719,1.902566303,-1.355406078,-0.253998733,23,13,43,7
I44,N,182,125,0.176673795,-0.466977701,2.002788435,-1.147233707,-0.133680337,18,22,46,6
I44,VEB,125,241,0.04790332,3.003702476,2.716646878,2.716646878,0.031577021,25,5,32,2
I44,N,241,180,-0.044275257,-0.505003063,1.735626787,-1.237335787,-0.306587885,23,11,40,6
I45,N,240,132,-0.043798925,-0.369683618,1.940774182,-1.064136537,-0.049137964,17,3,26,6
I45,VEB,132,330,0.042806357,2.692646149,2.599215421,2.599215421,0.036672221,22,4,27,1
I45,N,330,239,0.059671193,-0.367607326,1.985398684,-1.053126316,-0.082475678,24,12,42,6
I45,N,239,130,-0.062195212,-0.335171559,1.891174376,-0.995889993,-0.065139816,18,2,26,6
I45,VEB,130,336,0.105153473,2.666320765,2.635694775,2.635694775,0.026905467,22,30,53,1
I45,N,336,239,0.079041648,-0.374154585,2.032141172,-1.122789804,-0.087546545,26,11,43,6
I45,N,239,131,-0.055358099,-0.346574166,1.958101669,-1.034947449,-0.056091246,17,1,25,7
I45,VEB,131,342,0.049066823,2.690829279,2.564405927,2.564405927,0.045095207,22,6,29,1
I45,N,342,236,0.076861546,-0.356498776,1.875985222,-1.021897769,-0.078330452,25,11,43,7
I45,N,236,130,0.091408811,-0.337496544,1.9713712,-1.0946657,-0.098621631,30,10,47,7
I46,N,216,223,0.094742774,-0.38312859,1.787807647,-1.059886784,-0.160470972,25,19,51,7
I46,N,223,202,0.105379008,-0.3701543,1.742251714,-1.084464224,-0.16788701,26,18,51,7
I46,N,202,200,0.130720764,-0.376019408,1.721838219,-1.041049798,-0.14753364,26,18,50,6
I46,N,200,146,0.130823034,-0.382809534,1.712112964,-1.054979021,-0.157149191,25,19,51,7
I46,VEB,146,302,0.043391115,2.490701268,2.467550194,2.467550194,0.041470201,25,5,31,1
I46,N,302,218,0.110119435,-0.381394152,1.822873833,-1.110836762,-0.153429452,24,17,48,7
I46,N,218,221,0.100780556,-0.37355145,1.73999889,-1.032937798,-0.16362903,26,19,51,6
I46,N,221,223,0.112746407,-0.374698092,1.734872711,-1.028904081,-0.158236294,26,19,51,6
I46,N,223,213,0.119954093,-0.360015407,1.67943591,-1.015624513,-0.156847325,25,19,51,7
I46,N,213,140,0.109225585,-0.3759915,1.830453796,-1.117018862,-0.158384693,27,13,46,6
I47,VEB,162,335,0.05568916,1.735128448,1.386816028,1.386816028,0.016051891,19,5,28,4
I47,N,335,180,0.035804711,0.087145704,0.702570058,-1.011446025,0.006093618,18,5,31,8
I47,N,180,172,-0.038693521,0.110338558,0.520517516,-0.842591407,-0.058247255,15,5,31,11
I47,N,172,174,-0.005796815,0.077397405,0.566415571,-1.003149203,-0.051236742,14,3,27,10
I47,N,174,174,-0.085508306,0.120839344,0.533699428,-0.876238161,-0.108113584,22,6,37,9
I47,N,174,177,-0.059094683,0.10590689,0.598004467,-1.015142877,-0.089026642,15,3,28,10
I47,N,177,189,-0.055744087,0.145860743,0.54529089,-1.055126619,-0.07692511,17,4,29,8
I47,N,189,203,-0.088514794,0.09248043,0.547416121,-1.030193848,-0.105991582,24,4,36,8
I47,N,203,222,-0.080466451,0.147341126,0.613881497,-0.988920711,-0.085807159,27,2,37,8
I47,N,222,206,-0.029308198,0.137046183,0.577430215,-0.958348594,-0.033255098,17,3,29,9
I48,N,237,230,0.003582899,0.08704315,0.806948223,-1.109777531,-0.026853253,22,6,36,8
I48,N,230,230,-0.078095062,0.060457442,0.802779715,-1.12018361,-0.078812206,22,1,31,8
I48,N,230,196,-0.032655089,0.069761262,0.716078628,-1.137430906,-0.036078713,18,2,30,10
I48,N,196,129,-0.073186177,0.079014218,0.696417231,-1.099150455,-0.102995608,20,5,33,8
I48,VEB,129,324,-0.036907176,2.114498497,1.705758502,1.705758502,-0.063781635,20,4,28,4
I48,N,324,223,0.033238646,0.083539641,0.724311127,-0.998443341,-0.013527515,19,7,35,9
I48,N,223,201,-0.0854532,0.094387851,0.78855552,-1.082209643,-0.088121794,23,3,35,9
I48,N,201,131,-0.053286295,0.188226365,0.752271587,-1.172003364,-0.079799662,20,4,33,9
I48,VEB,131,229,-0.02783784,2.143431896,2.094922393,2.094922393,-0.063736098,24,5,30,1
I48,N,229,189,-0.202225575,-0.078005335,0.614696589,-1.076928319,-0.224884477,18,4,31,9
I49,N,65,223,-0.258808868,-0.193852768,1.060409728,-0.829982219,-0.300448153,24,7,39,8
I49,N,223,222,0.055494081,-0.155567436,1.116942845,-0.740903296,-0.053169188,23,10,41,8
I49,N,222,228,0.072993391,-0.118610148,1.069024675,-0.684042048,-0.035597954,23,10,41,8
I49,N,228,219,-0.026656283,-0.121148615,1.15133936,-0.70546901,-0.031430214,19,4,30,7
I49,N,219,222,0.063912217,-0.128818116,1.125375789,-0.735313139,-0.041181814,23,9,40,8
I49,N,222,223,-0.024862981,-0.144735056,1.183255867,-0.727902868,-0.025465997,18,2,27,7
I49,N,223,219,-0.025982138,-0.148644863,1.184048744,-0.66399202,-0.028379685,20,3,30,7
I49,N,219,215,-0.021946754,-0.110718368,1.072025813,-0.673757589,-0.025202576,18,3,28,7
I49,N,215,197,0.062591612,-0.170826821,1.068221451,-0.743196928,-0.026834162,18,9,35,8
I49,N,197,206,-0.026305158,-0.191943364,1.237690297,-0.704093728,-0.038110915,33,6,45,6
I50,N,87,213,0.728017256,-0.255323175,0.987678598,-0.792609482,0.021794247,17,69,93,7
I50,N,213,231,0.100960293,-0.134827685,1.039949003,-0.662803476,0.021427362,17,9,33,7
I50,N,231,211,-0.035734303,-0.107300723,1.008637677,-0.660688711,-0.049338492,19,5,31,7
I50,N,211,235,0.077149472,-0.113644173,1.023736455,-0.714728437,-0.021336221,20,8,35,7
I50,N,235,197,-0.041673346,-0.139096834,1.150820142,-0.639143902,-0.043593125,25,4,35,6
I50,N,197,234,0.072466244,-0.163446709,1.028614214,-0.697205759,-0.008737484,16,8,31,7
I50,N,234,202,-0.036981964,-0.129936281,1.046637872,-0.605926086,-0.041122749,21,4,32,7
I50,N,202,230,0.081428458,-0.143350197,0.980325381,-0.681657359,-0.004296481,17,7,31,7
I50,N,230,205,-0.036428091,-0.101490673,0.96351449,-0.631505389,-0.048039579,19,5,31,7
I50,N,205,312,0.070962808,-0.158450184,0.973933597,-0.749333813,0.001041562,17,14,39,8
I51,N,277,117,-0.212094883,-0.556236297,1.644751695,-0.928699118,-0.219221212,18,2,27,7
I51,VEB,117,272,-0.082709123,-2.114893059,1.937764053,-2.846180477,-0.114644182,40,3,49,6
I51,N,272,117,-0.178273392,-0.538814811,1.68856547,-0.906135989,-0.186560568,19,2,28,7
I51,VEB,117,264,0.328299633,2.036077662,2.035308898,2.035308898,-0.170608303,35,20,56,1
I51,N,264,118,-0.193095116,-0.613330624,1.692880658,-0.908284597,-0.280885713,20,6,31,5
I51,VEB,118,257,1.807567678,1.121950554,1.895498616,-2.634747586,1.79634296,21,2,81,58
I51,N,257,115,-0.012730923,-0.568421902,1.543636723,-1.008169625,-0.344906446,27,14,48,7
I51,VEB,115,253,0.340130289,1.197160904,1.946873669,-2.646130652,-0.150795468,52,15,122,55
I51,N,253,116,0.022915405,-0.560724767,1.653249749,-0.974812162,-0.280403836,26,16,48,6
I51,VEB,116,250,1.816222522,1.95326155,1.935348186,1.935348186,1.814054905,4,1,6,1
I52,N,318,308,-0.114624113,-0.558957374,1.87412486,-0.754934817,-0.128455942,20,3,28,5
I52,N,308,300,-0.115254809,-0.557964389,1.829249664,-0.729745653,-0.12702312,20,4,28,4
I52,N,300,299,-0.102506265,-0.569421847,1.846422979,-0.746424334,-0.11964585,20,3,28,5
I52,N,299,308,-0.107122658,-0.576285214,1.973752042,-0.791090688,-0.126975933,20,3,28,5
I52,N,308,307,-0.111538584,-0.55964105,1.872953334,-0.746290001,-0.128266361,19,4,28,5
I52,N,307,279,-0.107476807,-0.549922936,1.830621585,-0.741123443,-0.122563585,20,3,28,5
I52,N,279,308,-0.106859979,-0.561926251,1.874009342,-0.76145523,-0.124446733,20,4,29,5
I52,N,308,304,-0.115373674,-0.576461474,1.9599397,-0.794307396,-0.13539207,19,4,28,5
I52,N,304,302,-0.113476912,-0.565461132,1.856395364,-0.758920831,-0.128697814,19,4,28,5
I52,N,302,279,-0.117228804,-0.5479183,1.819856457,-0.735525353,-0.127551203,20,3,28,5
I53,VEB,117,218,-0.160083649,1.449315557,1.501007663,1.411076727,-0.190044124,21,5,29,3
I53,N,218,120,-0.197021164,-0.5471825,1.66932261,-0.836539361,-0.499127227,17,5,26,4
I53,VEB,120,212,0.338063441,1.731911266,1.988989834,1.476609522,-0.697569025,18,8,31,5
I53,N,212,119,0.033306903,-0.387583228,1.672860295,-0.967477732,-0.421221686,25,16,55,14
I53,VEB,119,215,0.135310867,-1.718994593,2.14802308,-2.199091604,0.110992962,32,2,42,8
I53,N,215,115,-0.143322761,-0.454417739,1.77405213,-1.044774525,-0.383821011,19,5,32,8
I53,VEB,115,215,0.439649085,-1.640004235,2.509310842,-2.456972295,0.371156911,30,2,42,10
I53,N,215,114,-0.157343945,-0.254323244,1.637998354,-0.901485931,-0.244912302,19,5,41,17
I53,VEB,114,214,0.40802795,2.049383597,1.835728837,1.835728837,-0.247886921,34,19,58,5
I53,N,214,115,0.047419762,-0.595907532,1.636612157,-0.892094547,-0.320745641,25,16,46,5
I54,N,191,192,-0.193332847,-0.237997021,-0.238923139,-0.238923139,-0.396122763,6,6,13,1
I54,N,192,189,-0.175476214,-0.178447448,-0.241914269,-0.241914269,-0.46523811,4,6,12,2
I54,N,189,193,-0.094330379,-0.067964865,-0.304943026,-0.304943026,-0.5322875,3,6,12,3
I54,N,193,200,0.12293548,-0.196513533,-0.223326527,-0.223326527,-0.393348717,5,29,36,2
I54,N,200,194,-0.110019073,0.480919255,-0.148558231,-0.898723293,-0.32253895,14,9,40,17
I54,N,194,193,0.019827911,-0.092241597,-0.092956542,-0.092956542,-0.568794434,7,7,15,1
I54,N,193,193,-0.143839209,0.386777141,-0.163110878,-0.994919481,-0.51769046,15,7,37,15
I54,N,193,192,-0.041236057,-0.183530097,-0.209134308,-0.209134308,-0.338446887,4,14,20,2
I54,N,192,194,-0.254879228,0.038286312,-0.059835793,-0.059835793,-0.432448509,4,4,10,2
I54,N,194,195,-0.077640678,-0.208611234,-0.21190588,-0.21190588,-0.406905476,5,6,12,1
I55,N,203,204,0.069668038,0.002576271,-0.106334738,-0.106334738,-0.364387838,5,27,34,2
I55,N,204,206,-0.030203427,-0.149146364,-0.168873125,-0.168873125,-0.373485841,5,15,21,1
I55,N,206,207,-0.041078548,0.06103312,-0.078668626,-0.078668626,-0.352284768,5,14,21,2
I55,N,207,209,0.054100487,0.373349236,0.062113085,-1.063133443,-0.394117115,14,28,58,16
I55,N,209,212,0.061365941,-0.02984162,-0.067895977,-0.067895977,-0.367482568,6,27,34,1
I55,N,212,214,0.087743991,0.375160634,0.099129572,-1.062153768,-0.357683779,14,27,56,15
I55,N,214,216,0.053941397,0.368545519,0.102747995,-1.096928107,-0.365261215,15,27,58,16
I55,N,216,219,0.055812533,-0.02783317,-0.061300896,-0.061300896,-0.362396245,6,26,33,1
I55,N,219,222,0.086226511,0.390417621,0.084338747,-1.046896553,-0.351208909,15,26,55,14
I55,N,222,220,0.063786811,0.408109278,0.092548269,-1.062620241,-0.366104073,14,27,55,14
I56,N,292,289,-0.13309564,0.421676042,-0.192213904,-0.744840611,-0.192213904,6,2,24,16
I56,N,289,297,-0.082751302,0.366401011,-0.083871413,-0.789775375,-0.083871413,8,1,24,15
I56,N,297,289,-0.077492403,-0.021626639,-0.024356392,-0.024356392,-0.256263579,6,7,14,1
I56,N,289,291,-0.104126148,0.412184626,-0.115077904,-0.779470622,-0.115077904,8,1,23,14
I56,N,291,297,-0.079748152,0.365617841,-0.070836806,-0.786585108,-0.270349562,14,8,37,15
I56,N,297,294,-0.07904193,0.329057168,-0.012986324,-0.760009083,-0.259392507,14,7,34,13
I56,N,294,297,-0.1216346,0.410351147,-0.123054741,-0.775120458,-0.123054741,8,1,24,15
I56,N,297,305,-0.06069788,0.360159518,-0.063987753,-0.791936431,-0.063987753,8,1,23,14
I56,N,305,303,-0.0713091,-0.001394625,-0.01423148,-0.01423148,-0.250923085,5,8,14,1
I56,N,303,303,-0.103619356,0.407633679,-0.12080822,-0.772564329,-0.12080822,7,1,24,16
I57,N,158,157,0.217418194,-0.223961416,0.758495861,-0.473327876,-0.191737471,15,30,51,6
I57,N,157,163,-0.154098013,0.79407951,-0.094763138,-0.094763138,-0.224464625,2,5,12,5
I57,N,163,152,-0.092123522,-0.078601355,0.955012473,-0.331290989,-0.134119389,18,5,30,7
I57,N,152,140,-0.12751756,-0.098123702,0.860129025,-0.42837582,-0.140884787,15,4,26,7
I57,VEB,140,176,-0.016860159,0.994540729,-1.171580342,-1.171580342,-1.189328111,1,13,36,22
I57,N,176,159,0.265980884,-0.003511796,0.990339963,-0.201336914,0.124549451,16,7,28,5
I57,N,159,160,-0.132459205,0.785644367,-0.001679928,-0.001679928,-0.145092761,3,2,10,5
I57,N,160,160,-0.106925513,-0.142895204,0.848652435,-0.446103765,-0.153274043,16,7,29,6
I57,N,160,161,-0.128611274,-0.145191381,0.839431115,-0.415261085,-0.194535027,16,10,32,6
I57,N,161,167,-0.098207724,0.750727385,-0.117003743,-0.117003743,-0.181125249,2,5,13,6
I58,N,206,209,0.022657591,-0.088685447,0.954940138,-0.372420893,-0.024790837,15,5,26,6
I58,N,209,215,-0.008328677,-0.090375493,0.923002773,-0.370883901,-0.055785204,15,5,26,6
I58,N,215,215,-0.019624349,-0.089031385,0.869489006,-0.359535627,-0.054588759,15,9,30,6
I58,N,215,212,-0.02334126,-0.093658351,0.924524583,-0.388471891,-0.05306828,16,10,32,6
I58,N,212,215,0.001925167,-0.098251813,0.94613629,-0.412793936,-0.053887808,15,5,26,6
I58,N,215,217,-0.025855419,-0.101446076,0.911345205,-0.393055865,-0.078543924,16,5,26,5
I58,N,217,217,-0.026990692,-0.101380471,0.87087388,-0.370540675,-0.071498325,15,9,30,6
I58,N,217,214,-0.022650942,-0.10162386,0.906302745,-0.397910709,-0.065671721,16,7,29,6
I58,N,214,216,-0.018700862,-0.100619811,0.939563374,-0.410145447,-0.065833485,15,5,26,6
I58,N,216,214,-0.035903557,-0.107259934,0.89543123,-0.399009777,-0.074552619,15,7,28,6
I59,N,290,303,0.170372587,-0.070638363,1.109428027,-1.050941409,-0.075091833,34,17,59,8
I59,N,303,282,0.114792241,-0.09089928,1.04370171,-1.065917227,-0.112177314,34,16,57,7
I59,N,282,260,0.139775257,-0.111164689,1.122880043,-1.062249778,-0.10196026,36,15,58,7
I59,N,260,302,0.132437209,-0.084802595,1.127525059,-1.068402822,-0.085723682,34,17,58,7
I59,N,302,284,0.110875191,-0.093528786,1.039981983,-1.077538077,-0.127776886,34,17,59,8
I59,N,284,269,0.137207646,-0.107521613,1.130546432,-1.051562209,-0.107557436,36,16,59,7
I59,N,269,317,0.131154227,-0.084043608,1.124428712,-1.09264382,-0.101530173,35,17,59,7
I59,N,317,308,0.100182731,-0.101003828,1.043136839,-1.072615148,-0.124807427,34,16,58,8
I59,N,308,271,0.111656164,-0.106000268,1.082148904,-1.044593662,-0.117479619,34,16,57,7
I59,N,271,295,0.135572734,-0.102469557,1.132592372,-1.072831323,-0.100835127,35,16,58,7
I60,N,223,219,0.436747121,0.095020473,1.263913704,-1.070872235,0.179824022,27,17,52,8
I60,N,219,217,0.102567434,0.005024559,1.09180633,-1.224307198,-0.085816395,27,17,52,8
I60,N,217,214,0.115259363,-0.011898094,1.13426944,-1.271531,-0.090884443,27,16,51,8
I60,N,214,326,0.113104935,0.008776789,1.058066722,-1.257007416,-0.098108619,28,17,52,7
I60,N,326,307,0.093127338,-0.097544989,1.076401826,-1.223015025,-0.110396191,29,17,53,7
I60,N,307,305,0.084650465,-0.049138832,1.084984329,-1.262748435,-0.112169634,27,17,51,7
I60,N,305,285,0.075802616,-0.038554276,1.045936481,-1.240121569,-0.132758056,28,16,51,7
I60,N,285,233,0.103024922,-0.078012909,1.129841897,-1.257504924,-0.086739416,26,18,51,7
I60,N,233,223,0.114538251,-0.056695882,1.173269691,-1.250579083,-0.096253591,28,16,51,7
I60,N,223,222,0.120112215,-0.025227214,1.124004563,-1.244711047,-0.083303592,27,16,51,8
I61,N,309,309,0.089283987,-0.084258236,0.983001428,-1.099392004,-0.114563145,34,17,59,8
I61,N,309,328,0.106310641,-0.050514065,0.978937859,-1.073587436,-0.114317443,33,18,59,8
I61,N,328,315,0.089812199,-0.073039997,0.956949035,-1.09886317,-0.123979611,33,17,58,8
I61,N,315,322,0.092477984,-0.073027262,1.003907232,-1.080285172,-0.10619419,34,17,58,7
I61,N,322,329,0.093593968,-0.06202488,0.962234621,-1.090422443,-0.129979362,34,17,58,7
I61,N,329,308,0.088507357,-0.066146887,0.9651176,-1.070453957,-0.122756094,33,17,58,8
I61,N,308,323,0.099536854,-0.06621554,0.995719255,-1.093751018,-0.103111925,33,18,59,8
I61,N,323,316,0.096676667,-0.056681156,0.975439889,-1.076941183,-0.118423097,34,18,59,7
I61,N,316,301,0.096968294,-0.075163956,0.983737419,-1.090233214,-0.114991157,34,17,59,8
I61,N,301,321,0.106606674,-0.056401246,0.983847825,-1.103081952,-0.113925996,34,18,60,8
I62,N,280,271,-0.041632113,-0.044065034,1.020663945,-0.395461485,-0.158604139,16,7,30,7
I62,N,271,269,-0.021236913,-0.0762207,1.055584231,-0.329706177,-0.149691066,17,8,31,6
I62,N,269,271,-0.023666035,-0.08429036,1.001721521,-0.315414195,-0.144709372,17,7,31,7
I62,N,271,274,-0.025357113,-0.069869033,0.983986816,-0.32820701,-0.143608063,17,7,30,6
I62,N,274,281,-0.023554947,-0.075562833,0.973120196,-0.345659932,-0.144267219,17,7,30,6
I62,N,281,277,-0.029222022,-0.070208789,1.02851292,-0.382774519,-0.151025824,16,11,33,6
I62,N,277,282,-0.02385503,-0.077051212,1.041554948,-0.332283615,-0.148763627,17,10,33,6
I62,N,282,286,-0.038541909,-0.083557751,0.963720248,-0.331077878,-0.154595672,16,8,31,7
I62,N,286,253,-0.037538802,-0.082405397,0.978298579,-0.377758065,-0.156286349,17,8,31,6
I62,N,253,305,-0.031753633,-0.050700898,1.010888283,-0.353818245,-0.165098038,16,7,30,7
I63,N,222,153,-0.064386149,-0.091526369,0.653530302,-0.444570641,-0.152625742,17,7,31,7
I63,VEB,153,280,0.126229596,0.205363378,0.137032512,0.038656936,-0.093971857,9,36,50,5
I63,N,280,216,-0.061176073,-0.083214603,0.625615216,-0.357845838,-0.1359413,16,6,30,8
I63,N,216,209,-0.083442858,-0.084847025,0.643168029,-0.408061173,-0.156386385,17,5,29,7
I63,N,209,208,-0.070224125,-0.081797187,0.619517254,-0.394913482,-0.154741019,16,7,30,7
I63,N,208,212,-0.071709399,-0.09301036,0.606456462,-0.348553602,-0.147397969,17,5,30,8
I63,N,212,223,-0.068328126,-0.082517906,0.634646315,-0.406534359,-0.145381041,16,6,29,7
I63,N,223,229,-0.068967555,-0.064738924,0.634865458,-0.411776512,-0.151615551,16,6,30,8
I63,N,229,227,-0.063410077,-0.085716765,0.596621394,-0.33106302,-0.14017885,17,6,31,8
I63,N,227,230,-0.060454873,-0.08282328,0.626618159,-0.391536233,-0.141436209,17,6,30,7
I64,N,241,243,-0.034261241,-0.060584858,0.655564978,-0.356783986,-0.12114823,17,4,32,11
I64,N,243,244,-0.066421872,-0.037031074,0.662656165,-0.402500597,-0.162370409,17,5,30,8
I64,N,244,241,-0.059333543,-0.084246568,0.633912216,-0.436877814,-0.203664092,17,9,33,7
I64,N,241,244,-0.087988656,0.653574901,-0.037564558,-0.037564558,-0.174575279,3,6,15,6
I64,N,244,233,-0.079390881,-0.072051438,0.575413626,-0.369838018,-0.177565309,17,6,30,7
I64,N,233,234,-0.079450259,-0.066922326,0.641523474,-0.456245096,-0.182798993,16,8,31,7
I64,N,234,226,-0.086940215,-0.073282662,0.56711965,-0.417284543,-0.169770902,16,7,31,8
I64,N,226,223,-0.087100819,-0.083278901,0.601841696,-0.422344951,-0.179307074,16,6,30,8
I64,N,223,215,-0.084334563,-0.111079848,0.675551947,-0.462804916,-0.182764378,16,6,29,7
I64,N,215,213,-0.088238071,-0.076988813,0.707027168,-0.514278623,-0.193718315,16,7,31,8
I65,VEB,108,292,0.181568746,-0.996572077,1.316816744,-1.248781654,-0.106132592,38,23,69,8
I65,N,292,190,0.332592928,0.062186483,1.212409092,-0.660366784,-0.612952065,22,6,33,5
I65,N,190,105,-0.038212203,-0.203311276,1.239119705,-0.546444156,-0.066387394,16,3,26,7
I65,VEB,105,257,0.245775974,-0.52416245,1.334442612,-1.383293605,-0.088332121,38,23,89,28
I65,N,257,164,-0.128719229,-0.309473991,1.170629541,-0.707809489,-0.178281875,16,3,26,7
I65,N,164,113,-0.039572341,-0.168314026,1.21155211,-0.523450374,-0.168010157,16,7,28,5
I65,VEB,113,229,0.061044869,-1.148132738,1.222617428,-1.265854519,-0.261460828,38,6,48,4
I65,N,229,167,-0.169263253,-0.339999279,1.193542342,-0.682103566,-0.208655541,16,4,27,7
I65,N,167,165,0.023369726,-0.199772338,1.272521646,-0.515560073,-0.145064171,19,5,29,5
I65,N,165,172,-0.078988901,-0.272390153,1.262007933,-0.678367955,-0.138365423,16,3,25,6
I66,N,215,120,-0.173208752,-0.317180315,1.262530088,-0.691727362,-0.229576412,16,4,26,6
I66,VEB,120,309,0.225421264,0.580025289,1.546742736,-1.500731844,-0.050022295,52,20,134,62
I66,N,309,214,-0.000976253,-0.21272409,1.465567737,-0.403563212,-0.039797998,16,3,25,6
I66,N,214,212,-0.020138966,-0.247857652,1.194132229,-0.484122714,-0.102140397,16,5,27,6
I66,N,212,210,-0.031331039,-0.266068679,1.270740072,-0.594620546,-0.120445626,15,9,31,7
I66,N,210,212,-0.016952093,-0.274926835,1.314221401,-0.549487146,-0.108848083,16,5,27,6
I66,N,212,125,-0.022486798,-0.293969181,1.31295137,-0.522653685,-0.122957084,16,7,28,5
I66,VEB,125,305,0.201641354,0.571499748,1.460029088,-1.421945653,-0.070851285,51,21,136,64
I66,N,305,213,-0.054232282,-0.260195573,1.286943329,-0.611251558,-0.118460604,16,5,27,6
I66,N,213,208,-0.033647073,-0.295395136,1.375516217,-0.599093331,-0.105143058,16,5,27,6
I67,N,183,103,0.677731038,0.388212275,1.922414916,0.131940382,0.627257024,16,3,25,6
I67,VEB,103,240,0.066331252,-0.868230134,1.379424464,-1.511241093,-0.106487944,38,7,60,15
I67,N,240,158,-0.048450788,1.1844014,-0.074205718,-0.074205718,-0.222238543,2,9,17,6
I67,N,158,106,-0.037610407,-0.325743416,1.281448616,-0.595661349,-0.110760752,16,5,26,5
I67,VEB,106,203,0.00764737,-1.239087498,1.394094345,-1.545810312,-0.103620677,34,4,43,5
I67,N,203,161,-0.124380845,-0.383886953,1.10147437,-0.648877294,-0.229893792,16,4,25,5
I67,N,161,107,-0.082073192,-0.16294843,1.272767944,-0.580395348,-0.105533267,16,2,25,7
I67,VEB,107,197,-0.077641739,-0.95943841,1.374655932,-1.639416797,-0.078440508,38,1,51,12
I67,N,197,151,-0.182914562,0.209852134,1.183851621,-0.821231135,-0.245248951,16,7,70,47
I67,N,151,152,0.020383308,-0.241991058,1.306466711,-0.544123787,-0.06722871,16,6,28,6
I68,N,84,179,-0.118317384,0.22317158,0.245092998,-0.669450644,-0.236749083,28,5,43,10
I68,N,179,180,0.103636283,0.11811403,0.18918127,-0.649574473,0.074098667,11,3,23,9
I68,N,180,179,0.076588392,0.104333128,0.151137698,-0.607393712,0.010782535,11,5,24,8
I68,N,179,179,0.08712671,0.12692091,0.206919743,-0.580867377,0.064292198,12,3,23,8
I68,N,179,180,0.115182505,0.105263098,0.227101108,-0.618771858,0.102226555,11,2,22,9
I68,N,180,177,0.087449706,0.142101063,0.192597224,-0.651889525,0.07032232,12,3,24,9
I68,N,177,178,0.096892708,0.156291015,0.158191319,-0.614688113,0.050314251,11,4,23,8
I68,N,178,179,0.107129661,0.103382055,0.233122124,-0.581171148,0.068678993,12,3,23,8
I68,N,179,179,0.131557944,0.137095518,0.258599842,-0.627400031,-0.068933261,27,17,52,8
I68,N,179,179,0.108729135,0.156712793,0.200413196,-0.663532684,0.101921754,11,2,22,9
I69,N,154,220,-0.122772631,0.057840379,-0.169540493,-0.169540493,-0.169540493,0,4,9,5
I69,N,220,225,0.109515789,0.271302795,0.267774976,0.267774976,0.021790478,5,5,11,1
I69,N,225,223,0.114899912,0.008880115,0.342634562,-0.654874385,0.016883545,13,5,27,9
I69,N,223,226,0.106066673,0.01379081,0.29400834,-0.649583489,0.048493161,13,4,26,9
I69,N,226,228,0.108846386,0.022509405,0.264691646,-0.636727389,0.037210986,12,5,26,9
I69,N,228,128,0.105245475,0.021497781,0.281374264,-0.640783951,0.022505807,13,5,28,10
I69,VEB,128,317,0.091440539,0.853287121,-1.104228237,-1.690134693,-1.104228237,4,8,38,26
I69,N,317,210,0.049000825,-0.013841209,0.180762094,-0.660468865,0.029950763,12,3,25,10
I69,N,210,206,0.108977966,0.052409273,0.217830945,-0.622628971,0.033692573,12,5,26,9
I69,N,206,202,0.102563509,0.045528496,0.266854371,-0.621472888,0.023364542,13,4,27,10
I70,N,49,297,0.020718976,0.294137558,0.750895825,-0.861999607,-0.239383336,33,27,123,63
I70,N,297,297,0.083643352,0.274389222,0.897526393,-0.788228125,-0.095959521,34,22,117,61
I70,N,297,135,-0.049590331,0.280543767,0.918210307,-0.745480284,-0.09230682,32,8,102,62
I70,SVEB,135,340,-0.203368019,-0.086814068,0.684202548,-0.191689742,-0.214109334,27,4,35,4
I70,N,340,299,0.068426133,0.283854471,0.982228233,-0.803571798,-0.089875771,33,23,118,62
I70,N,299,298,-0.030583338,0.265710238,0.877747243,-0.774327793,-0.092547441,33,8,102,61
I70,N,298,293,0.092795885,0.273689917,0.86640279,-0.756205177,-0.099653976,33,24,119,62
I70,N,293,152,0.102624974,0.262117956,0.941772349,-0.810891694,-0.083508658,34,22,118,62
I70,SVEB,152,351,-0.013602779,0.29799225,0.827674589,0.217482846,-0.039928891,24,9,36,3
I70,N,351,302,0.072222811,0.314832066,0.911992513,-0.749775654,-0.094109896,32,24,119,63
I71,N,64,302,0.329763962,0.192087314,1.069556503,-0.606588259,0.12712232,33,23,120,64
I71,N,302,302,0.098004096,0.235888504,0.90119309,-0.727944558,-0.09756861,33,24,121,64
I71,N,302,302,0.090583723,0.27047323,0.919695544,-0.748855517,-0.104306689,33,24,122,65
I71,N,302,302,0.094331632,0.265878935,0.904918417,-0.734842039,-0.098337425,33,24,122,65
I71,N,302,299,0.089093903,0.253794565,0.91047754,-0.723475691,-0.102053465,33,24,122,65
I71,N,299,299,0.090860554,0.237442096,0.894435159,-0.725859137,-0.101604014,33,24,122,65
I71,N,299,308,0.105023631,0.270197686,0.925435278,-0.761677681,-0.092826391,33,24,123,66
I71,N,308,309,0.089581382,0.271353496,0.89751861,-0.734608374,-0.103074486,33,23,122,66
I71,N,309,304,0.084480255,0.26077294,0.887782894,-0.724491726,-0.10612554,33,24,123,66
I71,N,304,307,0.084200848,0.242260604,0.893709526,-0.717601071,-0.108544892,34,24,122,64
I72,N,198,119,-0.013946307,-0.652725199,2.470410217,-1.577747985,-0.023816601,41,4,52,7
I72,VEB,119,282,1.649528894,2.795325188,-3.030707938,-4.530016767,-3.030707938,5,9,40,26
I72,N,282,195,0.438374112,-0.899411516,2.322941261,-1.762120775,-0.015559156,25,43,75,7
I72,N,195,191,0.002747123,-0.812076331,2.452566244,-1.7118383,-0.0390287,40,7,54,7
I72,N,191,190,0.02166985,-0.719276703,2.236213962,-1.586547355,-0.008815816,40,6,53,7
I72,N,190,191,0.003443159,-0.857373539,2.669713527,-1.816035043,-0.029135927,41,6,54,7
I72,N,191,190,0.011640741,-0.827025862,2.561703316,-1.766176294,-0.022165872,40,6,53,7
I72,N,190,131,-0.009496657,-0.748938189,2.276766123,-1.651998172,-0.010432732,34,2,43,7
I72,VEB,131,250,1.489598976,2.04547652,-1.685613469,-4.000646529,-1.685613469,6,8,37,23
I72,N,250,188,0.181136817,-0.811492657,2.541777264,-1.690078368,0.154936205,25,8,40,7
I73,N,230,229,0.300944728,1.426762789,-2.432167058,-2.945189226,-2.432167058,2,6,25,17
I73,N,229,232,0.322555858,1.427914642,-1.79575954,-2.819413071,-1.79575954,3,5,25,17
I73,N,232,230,0.325475609,1.420070042,-2.221495294,-2.812625115,-2.221495294,2,6,25,17
I73,N,230,227,0.322656427,1.413535493,-1.921591751,-2.762210248,-1.921591751,3,5,25,17
I73,N,227,228,0.338089773,1.428912966,-1.818606298,-2.784009094,-1.818606298,3,5,25,17
I73,N,228,226,0.325656097,1.42353678,-2.463886278,-2.740537646,-2.463886278,1,6,25,18
I73,N,226,225,0.329551838,1.432958472,-2.035298503,-2.774800829,-2.035298503,2,6,25,17
I73,N,225,224,0.341938295,1.440216814,-2.186893318,-2.794726329,-2.186893318,2,6,25,17
I73,N,224,222,0.355378026,1.430013988,-2.38470435,-2.758065295,-2.38470435,2,6,25,17
I73,N,222,223,0.356835755,1.43430001,-2.341141414,-2.782745144,-2.341141414,2,6,25,17
I74,N,203,169,-0.24528923,0.281921275,-0.709006734,-0.709006734,-0.901444656,2,8,15,5
I74,VEB,169,228,0.074738694,0.830454119,-1.432627572,-1.834954415,-1.432627572,3,17,33,13
I74,N,228,189,0.091446807,0.72915666,-0.209823811,-0.209823811,-0.558562444,2,8,14,4
I74,N,189,205,-0.065664979,0.539193672,-0.333122212,-0.333122212,-0.731588912,2,8,14,4
I74,N,205,202,-0.079633862,0.555582188,-0.250634501,-0.250634501,-0.677369709,3,9,16,4
I74,N,202,190,-0.060108762,0.493862795,-0.395316095,-0.395316095,-0.721616086,2,9,15,4
I74,N,190,207,-0.07621354,0.459960633,-0.361715481,-0.361715481,-0.700277238,2,11,17,4
I74,N,207,205,-0.077767521,0.462601076,-0.344705824,-0.344705824,-0.702989484,2,10,16,4
I74,N,205,204,-0.090953651,0.45211846,-0.209516551,-0.209516551,-0.729358659,3,8,15,4
I74,N,204,206,-0.090506701,0.461206341,-0.315130257,-0.315130257,-0.704612558,3,8,15,4
I75,VEB,144,283,0.125549668,1.332635937,-0.760418624,-2.068189606,-0.760418624,8,14,35,13
I75,N,283,210,-0.05967541,0.853570974,-0.46095582,-0.46095582,-0.787246365,2,10,17,5
I75,N,210,150,-0.140625131,0.754614267,-0.394860762,-0.394860762,-0.873811661,3,9,16,4
I75,VEB,150,273,0.050183405,1.204121371,-0.931358576,-2.025978448,-0.931358576,7,15,35,13
I75,N,273,210,-0.029054769,0.964308277,-0.285106375,-0.285106375,-0.785936265,3,9,16,4
I75,N,210,205,-0.152756578,0.766851962,-0.177058308,-0.177058308,-0.862051035,3,9,16,4
I75,N,205,206,-0.165687195,0.778148543,-0.488176128,-0.488176128,-0.879208832,2,9,16,5
I75,N,206,207,-0.16414742,0.809764167,-0.636809982,-0.636809982,-0.930783151,2,9,16,5
I75,N,207,148,-0.149094003,0.867021027,-0.419572665,-0.419572665,-0.885265946,3,9,16,4
I75,VEB,148,262,0.196388439,1.240515128,-1.944160624,-2.133533372,-1.944160624,2,41,57,14
